Origin, Inside
http://localhost/projectinsight.webapp/api/help , http://localhost/training-support/knowledgebase
http://localhost/projectinsight.webapp/api/help , http://localhost/forums/
http://localhost/projectinsight.webapp/api/help , http://localhost/projectinsight.webapp/api/help/model/approvalrequest
http://localhost/projectinsight.webapp/api/help , http://localhost/projectinsight.webapp/api/help/get-approval-request-id
http://localhost/projectinsight.webapp/api/help , http://localhost/projectinsight.webapp/api/help/post-approval-request
http://localhost/projectinsight.webapp/api/help , http://localhost/projectinsight.webapp/api/help/delete-approval-request-id
http://localhost/projectinsight.webapp/api/help , http://localhost/projectinsight.webapp/api/help/get-approval-request-list
http://localhost/projectinsight.webapp/api/help , http://localhost/projectinsight.webapp/api/help/model/t
http://localhost/projectinsight.webapp/api/help , http://localhost/projectinsight.webapp/api/help/get-api-approvalrequest
http://localhost/projectinsight.webapp/api/help , http://localhost/projectinsight.webapp/api/help/model/approvalrequestapproval
http://localhost/projectinsight.webapp/api/help , http://localhost/projectinsight.webapp/api/help/get-approval-request-approval-id
http://localhost/projectinsight.webapp/api/help , http://localhost/projectinsight.webapp/api/help/post-approval-request-approval
http://localhost/projectinsight.webapp/api/help , http://localhost/projectinsight.webapp/api/help/delete-approval-request-approval-id
http://localhost/projectinsight.webapp/api/help , http://localhost/projectinsight.webapp/api/help/get-approval-request-approval-list
http://localhost/projectinsight.webapp/api/help , http://localhost/projectinsight.webapp/api/help/get-api-approvalrequestapproval
http://localhost/projectinsight.webapp/api/help , http://localhost/projectinsight.webapp/api/help/model/approvalrequestitem
http://localhost/projectinsight.webapp/api/help , http://localhost/projectinsight.webapp/api/help/get-approval-request-item-id
http://localhost/projectinsight.webapp/api/help , http://localhost/projectinsight.webapp/api/help/post-approval-request-item
http://localhost/projectinsight.webapp/api/help , http://localhost/projectinsight.webapp/api/help/delete-approval-request-item-id
http://localhost/projectinsight.webapp/api/help , http://localhost/projectinsight.webapp/api/help/get-approval-request-item-list
http://localhost/projectinsight.webapp/api/help , http://localhost/projectinsight.webapp/api/help/get-api-approvalrequestitem
http://localhost/projectinsight.webapp/api/help , http://localhost/projectinsight.webapp/api/help/model/approvalrequestnotification
http://localhost/projectinsight.webapp/api/help , http://localhost/projectinsight.webapp/api/help/get-approval-request-notification-id
http://localhost/projectinsight.webapp/api/help , http://localhost/projectinsight.webapp/api/help/post-approval-request-notification
http://localhost/projectinsight.webapp/api/help , http://localhost/projectinsight.webapp/api/help/delete-approval-request-notification-id
http://localhost/projectinsight.webapp/api/help , http://localhost/projectinsight.webapp/api/help/get-approval-request-notification-list
http://localhost/projectinsight.webapp/api/help , http://localhost/projectinsight.webapp/api/help/get-api-approvalrequestnotification
http://localhost/projectinsight.webapp/api/help , http://localhost/projectinsight.webapp/api/help/post-authentication-login-custom-app
http://localhost/projectinsight.webapp/api/help , http://localhost/projectinsight.webapp/api/help/get-api-authentication
http://localhost/projectinsight.webapp/api/help , http://localhost/projectinsight.webapp/api/help/model/comment
http://localhost/projectinsight.webapp/api/help , http://localhost/projectinsight.webapp/api/help/get-comment-list-by-object-id
http://localhost/projectinsight.webapp/api/help , http://localhost/projectinsight.webapp/api/help/get-comment-list-by-object-system-comments-id
http://localhost/projectinsight.webapp/api/help , http://localhost/projectinsight.webapp/api/help/get-comment-list-by-object-user-comments-id
http://localhost/projectinsight.webapp/api/help , http://localhost/projectinsight.webapp/api/help/post-comment-file-upload
http://localhost/projectinsight.webapp/api/help , http://localhost/projectinsight.webapp/api/help/get-comment-id
http://localhost/projectinsight.webapp/api/help , http://localhost/projectinsight.webapp/api/help/post-comment
http://localhost/projectinsight.webapp/api/help , http://localhost/projectinsight.webapp/api/help/delete-comment-id
http://localhost/projectinsight.webapp/api/help , http://localhost/projectinsight.webapp/api/help/get-comment-list
http://localhost/projectinsight.webapp/api/help , http://localhost/projectinsight.webapp/api/help/get-api-comment
http://localhost/projectinsight.webapp/api/help , http://localhost/projectinsight.webapp/api/help/model/commenttype
http://localhost/projectinsight.webapp/api/help , http://localhost/projectinsight.webapp/api/help/get-comment-type-id
http://localhost/projectinsight.webapp/api/help , http://localhost/projectinsight.webapp/api/help/post-comment-type
http://localhost/projectinsight.webapp/api/help , http://localhost/projectinsight.webapp/api/help/delete-comment-type-id
http://localhost/projectinsight.webapp/api/help , http://localhost/projectinsight.webapp/api/help/get-comment-type-list
http://localhost/projectinsight.webapp/api/help , http://localhost/projectinsight.webapp/api/help/get-api-commenttype
http://localhost/projectinsight.webapp/api/help , http://localhost/projectinsight.webapp/api/help/model/company
http://localhost/projectinsight.webapp/api/help , http://localhost/projectinsight.webapp/api/help/get-company-list-active
http://localhost/projectinsight.webapp/api/help , http://localhost/projectinsight.webapp/api/help/get-company-list-all
http://localhost/projectinsight.webapp/api/help , http://localhost/projectinsight.webapp/api/help/get-company-list-communicate-active
http://localhost/projectinsight.webapp/api/help , http://localhost/projectinsight.webapp/api/help/get-company-id
http://localhost/projectinsight.webapp/api/help , http://localhost/projectinsight.webapp/api/help/post-company
http://localhost/projectinsight.webapp/api/help , http://localhost/projectinsight.webapp/api/help/delete-company-id
http://localhost/projectinsight.webapp/api/help , http://localhost/projectinsight.webapp/api/help/get-company-list
http://localhost/projectinsight.webapp/api/help , http://localhost/projectinsight.webapp/api/help/get-api-company
http://localhost/projectinsight.webapp/api/help , http://localhost/projectinsight.webapp/api/help/model/companycontract
http://localhost/projectinsight.webapp/api/help , http://localhost/projectinsight.webapp/api/help/get-company-contract-id
http://localhost/projectinsight.webapp/api/help , http://localhost/projectinsight.webapp/api/help/post-company-contract
http://localhost/projectinsight.webapp/api/help , http://localhost/projectinsight.webapp/api/help/delete-company-contract-id
http://localhost/projectinsight.webapp/api/help , http://localhost/projectinsight.webapp/api/help/get-company-contract-list
http://localhost/projectinsight.webapp/api/help , http://localhost/projectinsight.webapp/api/help/get-api-companycontract
http://localhost/projectinsight.webapp/api/help , http://localhost/projectinsight.webapp/api/help/model/companycontractexpensecode
http://localhost/projectinsight.webapp/api/help , http://localhost/projectinsight.webapp/api/help/get-company-contract-expense-code-id
http://localhost/projectinsight.webapp/api/help , http://localhost/projectinsight.webapp/api/help/post-company-contract-expense-code
http://localhost/projectinsight.webapp/api/help , http://localhost/projectinsight.webapp/api/help/delete-company-contract-expense-code-id
http://localhost/projectinsight.webapp/api/help , http://localhost/projectinsight.webapp/api/help/get-company-contract-expense-code-list
http://localhost/projectinsight.webapp/api/help , http://localhost/projectinsight.webapp/api/help/get-api-companycontractexpensecode
http://localhost/projectinsight.webapp/api/help , http://localhost/projectinsight.webapp/api/help/model/companycontractresourcetype
http://localhost/projectinsight.webapp/api/help , http://localhost/projectinsight.webapp/api/help/get-company-contract-resource-type-id
http://localhost/projectinsight.webapp/api/help , http://localhost/projectinsight.webapp/api/help/post-company-contract-resource-type
http://localhost/projectinsight.webapp/api/help , http://localhost/projectinsight.webapp/api/help/delete-company-contract-resource-type-id
http://localhost/projectinsight.webapp/api/help , http://localhost/projectinsight.webapp/api/help/get-company-contract-resource-type-list
http://localhost/projectinsight.webapp/api/help , http://localhost/projectinsight.webapp/api/help/get-api-companycontractresourcetype
http://localhost/projectinsight.webapp/api/help , http://localhost/projectinsight.webapp/api/help/model/companycontracttasktype
http://localhost/projectinsight.webapp/api/help , http://localhost/projectinsight.webapp/api/help/get-company-contract-task-type-id
http://localhost/projectinsight.webapp/api/help , http://localhost/projectinsight.webapp/api/help/post-company-contract-task-type
http://localhost/projectinsight.webapp/api/help , http://localhost/projectinsight.webapp/api/help/delete-company-contract-task-type-id
http://localhost/projectinsight.webapp/api/help , http://localhost/projectinsight.webapp/api/help/get-company-contract-task-type-list
http://localhost/projectinsight.webapp/api/help , http://localhost/projectinsight.webapp/api/help/get-api-companycontracttasktype
http://localhost/projectinsight.webapp/api/help , http://localhost/projectinsight.webapp/api/help/model/customfield
http://localhost/projectinsight.webapp/api/help , http://localhost/projectinsight.webapp/api/help/get-custom-field-list-item-name
http://localhost/projectinsight.webapp/api/help , http://localhost/projectinsight.webapp/api/help/get-custom-field-id
http://localhost/projectinsight.webapp/api/help , http://localhost/projectinsight.webapp/api/help/get-custom-field-list
http://localhost/projectinsight.webapp/api/help , http://localhost/projectinsight.webapp/api/help/get-api-customfield
http://localhost/projectinsight.webapp/api/help , http://localhost/projectinsight.webapp/api/help/model/customfieldset
http://localhost/projectinsight.webapp/api/help , http://localhost/projectinsight.webapp/api/help/get-custom-field-set-id
http://localhost/projectinsight.webapp/api/help , http://localhost/projectinsight.webapp/api/help/post-custom-field-set
http://localhost/projectinsight.webapp/api/help , http://localhost/projectinsight.webapp/api/help/delete-custom-field-set-id
http://localhost/projectinsight.webapp/api/help , http://localhost/projectinsight.webapp/api/help/get-custom-field-set-list
http://localhost/projectinsight.webapp/api/help , http://localhost/projectinsight.webapp/api/help/get-api-customfieldset
http://localhost/projectinsight.webapp/api/help , http://localhost/projectinsight.webapp/api/help/model/customfieldvalue
http://localhost/projectinsight.webapp/api/help , http://localhost/projectinsight.webapp/api/help/get-custom-field-value-id
http://localhost/projectinsight.webapp/api/help , http://localhost/projectinsight.webapp/api/help/post-custom-field-value
http://localhost/projectinsight.webapp/api/help , http://localhost/projectinsight.webapp/api/help/delete-custom-field-value-id
http://localhost/projectinsight.webapp/api/help , http://localhost/projectinsight.webapp/api/help/get-custom-field-value-list
http://localhost/projectinsight.webapp/api/help , http://localhost/projectinsight.webapp/api/help/get-api-customfieldvalue
http://localhost/projectinsight.webapp/api/help , http://localhost/projectinsight.webapp/api/help/model/customitem
http://localhost/projectinsight.webapp/api/help , http://localhost/projectinsight.webapp/api/help/post-custom-item
http://localhost/projectinsight.webapp/api/help , http://localhost/projectinsight.webapp/api/help/get-custom-item-search
http://localhost/projectinsight.webapp/api/help , http://localhost/projectinsight.webapp/api/help/get-custom-item-id
http://localhost/projectinsight.webapp/api/help , http://localhost/projectinsight.webapp/api/help/delete-custom-item-id
http://localhost/projectinsight.webapp/api/help , http://localhost/projectinsight.webapp/api/help/get-custom-item-list
http://localhost/projectinsight.webapp/api/help , http://localhost/projectinsight.webapp/api/help/get-api-customitem
http://localhost/projectinsight.webapp/api/help , http://localhost/projectinsight.webapp/api/help/model/department
http://localhost/projectinsight.webapp/api/help , http://localhost/projectinsight.webapp/api/help/get-department-list-active
http://localhost/projectinsight.webapp/api/help , http://localhost/projectinsight.webapp/api/help/get-department-list-all
http://localhost/projectinsight.webapp/api/help , http://localhost/projectinsight.webapp/api/help/get-department-id
http://localhost/projectinsight.webapp/api/help , http://localhost/projectinsight.webapp/api/help/post-department
http://localhost/projectinsight.webapp/api/help , http://localhost/projectinsight.webapp/api/help/delete-department-id
http://localhost/projectinsight.webapp/api/help , http://localhost/projectinsight.webapp/api/help/get-department-list
http://localhost/projectinsight.webapp/api/help , http://localhost/projectinsight.webapp/api/help/get-api-department
http://localhost/projectinsight.webapp/api/help , http://localhost/projectinsight.webapp/api/help/get-display-get-option-value-string-displayid
http://localhost/projectinsight.webapp/api/help , http://localhost/projectinsight.webapp/api/help/post-display-set-option-value-string-displayid
http://localhost/projectinsight.webapp/api/help , http://localhost/projectinsight.webapp/api/help/get-api-display
http://localhost/projectinsight.webapp/api/help , http://localhost/projectinsight.webapp/api/help/model/errorstatustype
http://localhost/projectinsight.webapp/api/help , http://localhost/projectinsight.webapp/api/help/get-error-status-type-id
http://localhost/projectinsight.webapp/api/help , http://localhost/projectinsight.webapp/api/help/post-error-status-type
http://localhost/projectinsight.webapp/api/help , http://localhost/projectinsight.webapp/api/help/delete-error-status-type-id
http://localhost/projectinsight.webapp/api/help , http://localhost/projectinsight.webapp/api/help/get-error-status-type-list
http://localhost/projectinsight.webapp/api/help , http://localhost/projectinsight.webapp/api/help/get-api-errorstatustype
http://localhost/projectinsight.webapp/api/help , http://localhost/projectinsight.webapp/api/help/model/expensecode
http://localhost/projectinsight.webapp/api/help , http://localhost/projectinsight.webapp/api/help/get-expense-code-list-active
http://localhost/projectinsight.webapp/api/help , http://localhost/projectinsight.webapp/api/help/get-expense-code-list-all
http://localhost/projectinsight.webapp/api/help , http://localhost/projectinsight.webapp/api/help/get-expense-code-list-active-expense-entry
http://localhost/projectinsight.webapp/api/help , http://localhost/projectinsight.webapp/api/help/get-expense-code-list-active-invoice-expense-entry
http://localhost/projectinsight.webapp/api/help , http://localhost/projectinsight.webapp/api/help/get-expense-code-list-active-invoice-time-entry
http://localhost/projectinsight.webapp/api/help , http://localhost/projectinsight.webapp/api/help/get-expense-code-list-active-time-entry
http://localhost/projectinsight.webapp/api/help , http://localhost/projectinsight.webapp/api/help/get-expense-code-id
http://localhost/projectinsight.webapp/api/help , http://localhost/projectinsight.webapp/api/help/post-expense-code
http://localhost/projectinsight.webapp/api/help , http://localhost/projectinsight.webapp/api/help/delete-expense-code-id
http://localhost/projectinsight.webapp/api/help , http://localhost/projectinsight.webapp/api/help/get-expense-code-list
http://localhost/projectinsight.webapp/api/help , http://localhost/projectinsight.webapp/api/help/get-api-expensecode
http://localhost/projectinsight.webapp/api/help , http://localhost/projectinsight.webapp/api/help/model/expenseentry
http://localhost/projectinsight.webapp/api/help , http://localhost/projectinsight.webapp/api/help/get-expense-entry-project-id
http://localhost/projectinsight.webapp/api/help , http://localhost/projectinsight.webapp/api/help/get-expense-entry-search
http://localhost/projectinsight.webapp/api/help , http://localhost/projectinsight.webapp/api/help/get-expense-entry-id
http://localhost/projectinsight.webapp/api/help , http://localhost/projectinsight.webapp/api/help/post-expense-entry
http://localhost/projectinsight.webapp/api/help , http://localhost/projectinsight.webapp/api/help/get-expense-entry-list
http://localhost/projectinsight.webapp/api/help , http://localhost/projectinsight.webapp/api/help/get-api-expenseentry
http://localhost/projectinsight.webapp/api/help , http://localhost/projectinsight.webapp/api/help/model/expensereport
http://localhost/projectinsight.webapp/api/help , http://localhost/projectinsight.webapp/api/help/post-expense-report-id-mark-downloaded
http://localhost/projectinsight.webapp/api/help , http://localhost/projectinsight.webapp/api/help/get-expense-report-search
http://localhost/projectinsight.webapp/api/help/model/approvalrequest , http://localhost/projectinsight.webapp/api/help/model/nullableoft
http://localhost/projectinsight.webapp/api/help , http://localhost/projectinsight.webapp/api/help/get-expense-report-id
http://localhost/projectinsight.webapp/api/help , http://localhost/projectinsight.webapp/api/help/get-expense-report-list
http://localhost/projectinsight.webapp/api/help , http://localhost/projectinsight.webapp/api/help/get-api-expensereport
http://localhost/projectinsight.webapp/api/help , http://localhost/projectinsight.webapp/api/help/model/expensereportfile
http://localhost/projectinsight.webapp/api/help , http://localhost/projectinsight.webapp/api/help/get-expense-report-file-id
http://localhost/projectinsight.webapp/api/help , http://localhost/projectinsight.webapp/api/help/get-expense-report-file-list
http://localhost/projectinsight.webapp/api/help/model/approvalrequest , http://localhost/projectinsight.webapp/api/help/model/idexternal
http://localhost/projectinsight.webapp/api/help , http://localhost/projectinsight.webapp/api/help/get-api-expensereportfile
http://localhost/projectinsight.webapp/api/help , http://localhost/projectinsight.webapp/api/help/model/externalobject
http://localhost/projectinsight.webapp/api/help , http://localhost/projectinsight.webapp/api/help/get-external-object-list-by-map-external-id
http://localhost/projectinsight.webapp/api/help , http://localhost/projectinsight.webapp/api/help/get-external-object-list-by-map-external-idlist
http://localhost/projectinsight.webapp/api/help , http://localhost/projectinsight.webapp/api/help/get-external-object-list-by-map-internal-id
http://localhost/projectinsight.webapp/api/help , http://localhost/projectinsight.webapp/api/help/get-external-object-list-by-map-internal-idlist
http://localhost/projectinsight.webapp/api/help , http://localhost/projectinsight.webapp/api/help/get-external-object-id
http://localhost/projectinsight.webapp/api/help , http://localhost/projectinsight.webapp/api/help/post-external-object
http://localhost/projectinsight.webapp/api/help , http://localhost/projectinsight.webapp/api/help/delete-external-object-id
http://localhost/projectinsight.webapp/api/help , http://localhost/projectinsight.webapp/api/help/get-external-object-list
http://localhost/projectinsight.webapp/api/help , http://localhost/projectinsight.webapp/api/help/get-api-externalobject
http://localhost/projectinsight.webapp/api/help , http://localhost/projectinsight.webapp/api/help/model/fileitem
http://localhost/projectinsight.webapp/api/help , http://localhost/projectinsight.webapp/api/help/get-file-item-children-itemid
http://localhost/projectinsight.webapp/api/help , http://localhost/projectinsight.webapp/api/help/get-file-item-download-file-fileid
http://localhost/projectinsight.webapp/api/help , http://localhost/projectinsight.webapp/api/help/get-file-item-version-download-file-fileid-version
http://localhost/projectinsight.webapp/api/help , http://localhost/projectinsight.webapp/api/help/get-file-item-search
http://localhost/projectinsight.webapp/api/help , http://localhost/projectinsight.webapp/api/help/get-file-item-id
http://localhost/projectinsight.webapp/api/help , http://localhost/projectinsight.webapp/api/help/post-file-item
http://localhost/projectinsight.webapp/api/help , http://localhost/projectinsight.webapp/api/help/delete-file-item-id
http://localhost/projectinsight.webapp/api/help , http://localhost/projectinsight.webapp/api/help/get-file-item-list
http://localhost/projectinsight.webapp/api/help , http://localhost/projectinsight.webapp/api/help/get-api-fileitem
http://localhost/projectinsight.webapp/api/help , http://localhost/projectinsight.webapp/api/help/model/fileitemversion
http://localhost/projectinsight.webapp/api/help , http://localhost/projectinsight.webapp/api/help/get-file-item-version-id
http://localhost/projectinsight.webapp/api/help , http://localhost/projectinsight.webapp/api/help/get-file-item-version-list
http://localhost/projectinsight.webapp/api/help , http://localhost/projectinsight.webapp/api/help/get-api-fileitemversion
http://localhost/projectinsight.webapp/api/help , http://localhost/projectinsight.webapp/api/help/model/folder
http://localhost/projectinsight.webapp/api/help , http://localhost/projectinsight.webapp/api/help/get-folder-child-folders-folderid
http://localhost/projectinsight.webapp/api/help , http://localhost/projectinsight.webapp/api/help/get-folder-id
http://localhost/projectinsight.webapp/api/help , http://localhost/projectinsight.webapp/api/help/post-folder
http://localhost/projectinsight.webapp/api/help , http://localhost/projectinsight.webapp/api/help/delete-folder-id
http://localhost/projectinsight.webapp/api/help , http://localhost/projectinsight.webapp/api/help/get-folder-list
http://localhost/projectinsight.webapp/api/help , http://localhost/projectinsight.webapp/api/help/get-api-folder
http://localhost/projectinsight.webapp/api/help , http://localhost/projectinsight.webapp/api/help/model/group
http://localhost/projectinsight.webapp/api/help , http://localhost/projectinsight.webapp/api/help/get-group-list-communicate
http://localhost/projectinsight.webapp/api/help , http://localhost/projectinsight.webapp/api/help/get-group-list-all
http://localhost/projectinsight.webapp/api/help , http://localhost/projectinsight.webapp/api/help/get-group-id
http://localhost/projectinsight.webapp/api/help , http://localhost/projectinsight.webapp/api/help/post-group
http://localhost/projectinsight.webapp/api/help , http://localhost/projectinsight.webapp/api/help/delete-group-id
http://localhost/projectinsight.webapp/api/help , http://localhost/projectinsight.webapp/api/help/get-group-list
http://localhost/projectinsight.webapp/api/help , http://localhost/projectinsight.webapp/api/help/get-api-group
http://localhost/projectinsight.webapp/api/help , http://localhost/projectinsight.webapp/api/help/model/htmlpage
http://localhost/projectinsight.webapp/api/help , http://localhost/projectinsight.webapp/api/help/get-html-page-id
http://localhost/projectinsight.webapp/api/help , http://localhost/projectinsight.webapp/api/help/post-html-page
http://localhost/projectinsight.webapp/api/help , http://localhost/projectinsight.webapp/api/help/delete-html-page-id
http://localhost/projectinsight.webapp/api/help , http://localhost/projectinsight.webapp/api/help/get-html-page-list
http://localhost/projectinsight.webapp/api/help , http://localhost/projectinsight.webapp/api/help/get-api-htmlpage
http://localhost/projectinsight.webapp/api/help , http://localhost/projectinsight.webapp/api/help/model/integrationdefinition
http://localhost/projectinsight.webapp/api/help , http://localhost/projectinsight.webapp/api/help/get-integration-definition-list-all
http://localhost/projectinsight.webapp/api/help , http://localhost/projectinsight.webapp/api/help/get-integration-definition-id
http://localhost/projectinsight.webapp/api/help , http://localhost/projectinsight.webapp/api/help/post-integration-definition
http://localhost/projectinsight.webapp/api/help , http://localhost/projectinsight.webapp/api/help/delete-integration-definition-id
http://localhost/projectinsight.webapp/api/help , http://localhost/projectinsight.webapp/api/help/get-integration-definition-list
http://localhost/projectinsight.webapp/api/help , http://localhost/projectinsight.webapp/api/help/get-api-integrationdefinition
http://localhost/projectinsight.webapp/api/help , http://localhost/projectinsight.webapp/api/help/model/integrationfieldmap
http://localhost/projectinsight.webapp/api/help , http://localhost/projectinsight.webapp/api/help/get-integration-field-map-id
http://localhost/projectinsight.webapp/api/help , http://localhost/projectinsight.webapp/api/help/post-integration-field-map
http://localhost/projectinsight.webapp/api/help , http://localhost/projectinsight.webapp/api/help/delete-integration-field-map-id
http://localhost/projectinsight.webapp/api/help , http://localhost/projectinsight.webapp/api/help/get-integration-field-map-list
http://localhost/projectinsight.webapp/api/help , http://localhost/projectinsight.webapp/api/help/get-api-integrationfieldmap
http://localhost/projectinsight.webapp/api/help , http://localhost/projectinsight.webapp/api/help/model/integrationobjectmap
http://localhost/projectinsight.webapp/api/help , http://localhost/projectinsight.webapp/api/help/get-integration-object-map-id
http://localhost/projectinsight.webapp/api/help , http://localhost/projectinsight.webapp/api/help/post-integration-object-map
http://localhost/projectinsight.webapp/api/help , http://localhost/projectinsight.webapp/api/help/delete-integration-object-map-id
http://localhost/projectinsight.webapp/api/help , http://localhost/projectinsight.webapp/api/help/get-integration-object-map-list
http://localhost/projectinsight.webapp/api/help , http://localhost/projectinsight.webapp/api/help/get-api-integrationobjectmap
http://localhost/projectinsight.webapp/api/help , http://localhost/projectinsight.webapp/api/help/model/invoiceitemclassification
http://localhost/projectinsight.webapp/api/help , http://localhost/projectinsight.webapp/api/help/get-invoice-item-classification-id
http://localhost/projectinsight.webapp/api/help , http://localhost/projectinsight.webapp/api/help/post-invoice-item-classification
http://localhost/projectinsight.webapp/api/help , http://localhost/projectinsight.webapp/api/help/delete-invoice-item-classification-id
http://localhost/projectinsight.webapp/api/help , http://localhost/projectinsight.webapp/api/help/get-invoice-item-classification-list
http://localhost/projectinsight.webapp/api/help , http://localhost/projectinsight.webapp/api/help/get-api-invoiceitemclassification
http://localhost/projectinsight.webapp/api/help , http://localhost/projectinsight.webapp/api/help/model/issue
http://localhost/projectinsight.webapp/api/help , http://localhost/projectinsight.webapp/api/help/post-issue-update-issue-status
http://localhost/projectinsight.webapp/api/help , http://localhost/projectinsight.webapp/api/help/get-issue-search
http://localhost/projectinsight.webapp/api/help , http://localhost/projectinsight.webapp/api/help/get-issue-id
http://localhost/projectinsight.webapp/api/help , http://localhost/projectinsight.webapp/api/help/post-issue
http://localhost/projectinsight.webapp/api/help , http://localhost/projectinsight.webapp/api/help/delete-issue-id
http://localhost/projectinsight.webapp/api/help , http://localhost/projectinsight.webapp/api/help/get-issue-list
http://localhost/projectinsight.webapp/api/help , http://localhost/projectinsight.webapp/api/help/get-api-issue
http://localhost/projectinsight.webapp/api/help , http://localhost/projectinsight.webapp/api/help/model/issueprioritytype
http://localhost/projectinsight.webapp/api/help , http://localhost/projectinsight.webapp/api/help/get-issue-priority-type-list-active
http://localhost/projectinsight.webapp/api/help , http://localhost/projectinsight.webapp/api/help/get-issue-priority-type-list-all
http://localhost/projectinsight.webapp/api/help , http://localhost/projectinsight.webapp/api/help/get-issue-priority-type-id
http://localhost/projectinsight.webapp/api/help , http://localhost/projectinsight.webapp/api/help/post-issue-priority-type
http://localhost/projectinsight.webapp/api/help , http://localhost/projectinsight.webapp/api/help/delete-issue-priority-type-id
http://localhost/projectinsight.webapp/api/help , http://localhost/projectinsight.webapp/api/help/get-issue-priority-type-list
http://localhost/projectinsight.webapp/api/help , http://localhost/projectinsight.webapp/api/help/get-api-issueprioritytype
http://localhost/projectinsight.webapp/api/help , http://localhost/projectinsight.webapp/api/help/model/issueseveritytype
http://localhost/projectinsight.webapp/api/help , http://localhost/projectinsight.webapp/api/help/get-issue-severity-type-list-active
http://localhost/projectinsight.webapp/api/help , http://localhost/projectinsight.webapp/api/help/get-issue-severity-type-list-all
http://localhost/projectinsight.webapp/api/help , http://localhost/projectinsight.webapp/api/help/get-issue-severity-type-id
http://localhost/projectinsight.webapp/api/help , http://localhost/projectinsight.webapp/api/help/post-issue-severity-type
http://localhost/projectinsight.webapp/api/help , http://localhost/projectinsight.webapp/api/help/delete-issue-severity-type-id
http://localhost/projectinsight.webapp/api/help , http://localhost/projectinsight.webapp/api/help/get-issue-severity-type-list
http://localhost/projectinsight.webapp/api/help , http://localhost/projectinsight.webapp/api/help/get-api-issueseveritytype
http://localhost/projectinsight.webapp/api/help , http://localhost/projectinsight.webapp/api/help/model/issuestatustype
http://localhost/projectinsight.webapp/api/help , http://localhost/projectinsight.webapp/api/help/get-issue-status-type-list-active
http://localhost/projectinsight.webapp/api/help , http://localhost/projectinsight.webapp/api/help/get-issue-status-type-list-all
http://localhost/projectinsight.webapp/api/help , http://localhost/projectinsight.webapp/api/help/get-issue-status-type-id
http://localhost/projectinsight.webapp/api/help , http://localhost/projectinsight.webapp/api/help/post-issue-status-type
http://localhost/projectinsight.webapp/api/help , http://localhost/projectinsight.webapp/api/help/delete-issue-status-type-id
http://localhost/projectinsight.webapp/api/help , http://localhost/projectinsight.webapp/api/help/get-issue-status-type-list
http://localhost/projectinsight.webapp/api/help , http://localhost/projectinsight.webapp/api/help/get-api-issuestatustype
http://localhost/projectinsight.webapp/api/help , http://localhost/projectinsight.webapp/api/help/model/issuetype
http://localhost/projectinsight.webapp/api/help , http://localhost/projectinsight.webapp/api/help/get-issue-type-list-active
http://localhost/projectinsight.webapp/api/help , http://localhost/projectinsight.webapp/api/help/get-issue-type-list-all
http://localhost/projectinsight.webapp/api/help , http://localhost/projectinsight.webapp/api/help/get-issue-type-id
http://localhost/projectinsight.webapp/api/help , http://localhost/projectinsight.webapp/api/help/post-issue-type
http://localhost/projectinsight.webapp/api/help , http://localhost/projectinsight.webapp/api/help/delete-issue-type-id
http://localhost/projectinsight.webapp/api/help , http://localhost/projectinsight.webapp/api/help/get-issue-type-list
http://localhost/projectinsight.webapp/api/help , http://localhost/projectinsight.webapp/api/help/get-api-issuetype
http://localhost/projectinsight.webapp/api/help , http://localhost/projectinsight.webapp/api/help/model/itembacklog
http://localhost/projectinsight.webapp/api/help , http://localhost/projectinsight.webapp/api/help/get-item-backlog-id
http://localhost/projectinsight.webapp/api/help , http://localhost/projectinsight.webapp/api/help/post-item-backlog
http://localhost/projectinsight.webapp/api/help , http://localhost/projectinsight.webapp/api/help/delete-item-backlog-id
http://localhost/projectinsight.webapp/api/help , http://localhost/projectinsight.webapp/api/help/get-item-backlog-list
http://localhost/projectinsight.webapp/api/help , http://localhost/projectinsight.webapp/api/help/get-api-itembacklog
http://localhost/projectinsight.webapp/api/help , http://localhost/projectinsight.webapp/api/help/get-item-utility-related-items-id
http://localhost/projectinsight.webapp/api/help , http://localhost/projectinsight.webapp/api/help/post-item-utility-copy
http://localhost/projectinsight.webapp/api/help , http://localhost/projectinsight.webapp/api/help/post-item-utility-move
http://localhost/projectinsight.webapp/api/help , http://localhost/projectinsight.webapp/api/help/post-item-utility-hide
http://localhost/projectinsight.webapp/api/help , http://localhost/projectinsight.webapp/api/help/post-item-utility-unhide
http://localhost/projectinsight.webapp/api/help , http://localhost/projectinsight.webapp/api/help/post-item-utility-unhideall
http://localhost/projectinsight.webapp/api/help , http://localhost/projectinsight.webapp/api/help/get-api-itemutility
http://localhost/projectinsight.webapp/api/help , http://localhost/projectinsight.webapp/api/help/model/kanbanboard
http://localhost/projectinsight.webapp/api/help , http://localhost/projectinsight.webapp/api/help/get-kanban-board-project-work-status-id
http://localhost/projectinsight.webapp/api/help , http://localhost/projectinsight.webapp/api/help/post-kanban-board-task-status-column
http://localhost/projectinsight.webapp/api/help , http://localhost/projectinsight.webapp/api/help/post-kanban-board-task-status-swimlane
http://localhost/projectinsight.webapp/api/help , http://localhost/projectinsight.webapp/api/help/get-kanban-board-task-status-toggeled-columns
http://localhost/projectinsight.webapp/api/help , http://localhost/projectinsight.webapp/api/help/get-kanban-board-task-status-toggeled-swimlanes
http://localhost/projectinsight.webapp/api/help , http://localhost/projectinsight.webapp/api/help/get-kanban-board-task-status-more-cards-id
http://localhost/projectinsight.webapp/api/help , http://localhost/projectinsight.webapp/api/help/get-kanban-board-id
http://localhost/projectinsight.webapp/api/help , http://localhost/projectinsight.webapp/api/help/post-kanban-board
http://localhost/projectinsight.webapp/api/help , http://localhost/projectinsight.webapp/api/help/delete-kanban-board-id
http://localhost/projectinsight.webapp/api/help , http://localhost/projectinsight.webapp/api/help/get-kanban-board-list
http://localhost/projectinsight.webapp/api/help , http://localhost/projectinsight.webapp/api/help/get-api-kanbanboard
http://localhost/projectinsight.webapp/api/help , http://localhost/projectinsight.webapp/api/help/model/kanbancard
http://localhost/projectinsight.webapp/api/help , http://localhost/projectinsight.webapp/api/help/get-kanban-card-project-work-status-id
http://localhost/projectinsight.webapp/api/help , http://localhost/projectinsight.webapp/api/help/get-kanban-card-project-planning-id
http://localhost/projectinsight.webapp/api/help , http://localhost/projectinsight.webapp/api/help/get-kanban-card-task-owner-id
http://localhost/projectinsight.webapp/api/help , http://localhost/projectinsight.webapp/api/help/get-kanban-card-task-work-status
http://localhost/projectinsight.webapp/api/help , http://localhost/projectinsight.webapp/api/help/get-kanban-card-task-work-status-id
http://localhost/projectinsight.webapp/api/help , http://localhost/projectinsight.webapp/api/help/post-kanban-card-update-work-status
http://localhost/projectinsight.webapp/api/help , http://localhost/projectinsight.webapp/api/help/get-kanban-card-planning-task-id
http://localhost/projectinsight.webapp/api/help , http://localhost/projectinsight.webapp/api/help/post-kanban-card-update-task-owner
http://localhost/projectinsight.webapp/api/help , http://localhost/projectinsight.webapp/api/help/post-kanban-card-update-task-start-date
http://localhost/projectinsight.webapp/api/help , http://localhost/projectinsight.webapp/api/help/post-kanban-card-in-activate-id
http://localhost/projectinsight.webapp/api/help , http://localhost/projectinsight.webapp/api/help/post-kanban-card-activate-id
http://localhost/projectinsight.webapp/api/help , http://localhost/projectinsight.webapp/api/help/get-kanban-card-id
http://localhost/projectinsight.webapp/api/help , http://localhost/projectinsight.webapp/api/help/post-kanban-card
http://localhost/projectinsight.webapp/api/help , http://localhost/projectinsight.webapp/api/help/delete-kanban-card-id
http://localhost/projectinsight.webapp/api/help , http://localhost/projectinsight.webapp/api/help/get-kanban-card-list
http://localhost/projectinsight.webapp/api/help , http://localhost/projectinsight.webapp/api/help/get-api-kanbancard
http://localhost/projectinsight.webapp/api/help , http://localhost/projectinsight.webapp/api/help/model/objectevent
http://localhost/projectinsight.webapp/api/help , http://localhost/projectinsight.webapp/api/help/get-object-event-id
http://localhost/projectinsight.webapp/api/help , http://localhost/projectinsight.webapp/api/help/get-object-event-list
http://localhost/projectinsight.webapp/api/help , http://localhost/projectinsight.webapp/api/help/get-api-objectevent
http://localhost/projectinsight.webapp/api/help , http://localhost/projectinsight.webapp/api/help/model/project
http://localhost/projectinsight.webapp/api/help , http://localhost/projectinsight.webapp/api/help/post-project-create-from-template
http://localhost/projectinsight.webapp/api/help , http://localhost/projectinsight.webapp/api/help/post-project-update-project-state
http://localhost/projectinsight.webapp/api/help , http://localhost/projectinsight.webapp/api/help/post-project-calculate-schedule
http://localhost/projectinsight.webapp/api/help , http://localhost/projectinsight.webapp/api/help/post-project-calculate-time-expenses
http://localhost/projectinsight.webapp/api/help , http://localhost/projectinsight.webapp/api/help/post-project-save-skip-project-calc
http://localhost/projectinsight.webapp/api/help , http://localhost/projectinsight.webapp/api/help/get-project-work-items-id
http://localhost/projectinsight.webapp/api/help , http://localhost/projectinsight.webapp/api/help/post-project-archive
http://localhost/projectinsight.webapp/api/help , http://localhost/projectinsight.webapp/api/help/post-project-unarchive
http://localhost/projectinsight.webapp/api/help , http://localhost/projectinsight.webapp/api/help/get-project-assigned-to
http://localhost/projectinsight.webapp/api/help , http://localhost/projectinsight.webapp/api/help/get-project-assigned-to-by-company
http://localhost/projectinsight.webapp/api/help , http://localhost/projectinsight.webapp/api/help/get-project-assigned-to-incomplete-tasks
http://localhost/projectinsight.webapp/api/help , http://localhost/projectinsight.webapp/api/help/get-project-active
http://localhost/projectinsight.webapp/api/help , http://localhost/projectinsight.webapp/api/help/get-project-templates
http://localhost/projectinsight.webapp/api/help , http://localhost/projectinsight.webapp/api/help/get-project-active-and-planning-user-can-view
http://localhost/projectinsight.webapp/api/help , http://localhost/projectinsight.webapp/api/help/get-project-search
http://localhost/projectinsight.webapp/api/help , http://localhost/projectinsight.webapp/api/help/get-project-id
http://localhost/projectinsight.webapp/api/help , http://localhost/projectinsight.webapp/api/help/post-project
http://localhost/projectinsight.webapp/api/help , http://localhost/projectinsight.webapp/api/help/delete-project-id
http://localhost/projectinsight.webapp/api/help , http://localhost/projectinsight.webapp/api/help/get-project-list
http://localhost/projectinsight.webapp/api/help , http://localhost/projectinsight.webapp/api/help/get-api-project
http://localhost/projectinsight.webapp/api/help , http://localhost/projectinsight.webapp/api/help/model/projectrequest
http://localhost/projectinsight.webapp/api/help , http://localhost/projectinsight.webapp/api/help/get-project-request-id
http://localhost/projectinsight.webapp/api/help , http://localhost/projectinsight.webapp/api/help/post-project-request
http://localhost/projectinsight.webapp/api/help , http://localhost/projectinsight.webapp/api/help/delete-project-request-id
http://localhost/projectinsight.webapp/api/help , http://localhost/projectinsight.webapp/api/help/get-project-request-list
http://localhost/projectinsight.webapp/api/help , http://localhost/projectinsight.webapp/api/help/get-api-projectrequest
http://localhost/projectinsight.webapp/api/help , http://localhost/projectinsight.webapp/api/help/model/projectrequestresource
http://localhost/projectinsight.webapp/api/help , http://localhost/projectinsight.webapp/api/help/get-project-request-resource-id
http://localhost/projectinsight.webapp/api/help , http://localhost/projectinsight.webapp/api/help/post-project-request-resource
http://localhost/projectinsight.webapp/api/help , http://localhost/projectinsight.webapp/api/help/delete-project-request-resource-id
http://localhost/projectinsight.webapp/api/help , http://localhost/projectinsight.webapp/api/help/get-project-request-resource-list
http://localhost/projectinsight.webapp/api/help , http://localhost/projectinsight.webapp/api/help/get-api-projectrequestresource
http://localhost/projectinsight.webapp/api/help , http://localhost/projectinsight.webapp/api/help/model/projectresource
http://localhost/projectinsight.webapp/api/help , http://localhost/projectinsight.webapp/api/help/get-project-resource-project-id
http://localhost/projectinsight.webapp/api/help , http://localhost/projectinsight.webapp/api/help/get-project-resource-id
http://localhost/projectinsight.webapp/api/help , http://localhost/projectinsight.webapp/api/help/post-project-resource
http://localhost/projectinsight.webapp/api/help , http://localhost/projectinsight.webapp/api/help/delete-project-resource-id
http://localhost/projectinsight.webapp/api/help , http://localhost/projectinsight.webapp/api/help/get-project-resource-list
http://localhost/projectinsight.webapp/api/help , http://localhost/projectinsight.webapp/api/help/get-api-projectresource
http://localhost/projectinsight.webapp/api/help , http://localhost/projectinsight.webapp/api/help/model/projectstatus
http://localhost/projectinsight.webapp/api/help , http://localhost/projectinsight.webapp/api/help/get-project-status-list-active
http://localhost/projectinsight.webapp/api/help , http://localhost/projectinsight.webapp/api/help/get-project-status-list-all
http://localhost/projectinsight.webapp/api/help , http://localhost/projectinsight.webapp/api/help/get-project-status-id
http://localhost/projectinsight.webapp/api/help , http://localhost/projectinsight.webapp/api/help/post-project-status
http://localhost/projectinsight.webapp/api/help , http://localhost/projectinsight.webapp/api/help/delete-project-status-id
http://localhost/projectinsight.webapp/api/help , http://localhost/projectinsight.webapp/api/help/get-project-status-list
http://localhost/projectinsight.webapp/api/help , http://localhost/projectinsight.webapp/api/help/get-api-projectstatus
http://localhost/projectinsight.webapp/api/help , http://localhost/projectinsight.webapp/api/help/model/projecttype
http://localhost/projectinsight.webapp/api/help , http://localhost/projectinsight.webapp/api/help/get-project-type-list-active
http://localhost/projectinsight.webapp/api/help , http://localhost/projectinsight.webapp/api/help/get-project-type-list-all
http://localhost/projectinsight.webapp/api/help , http://localhost/projectinsight.webapp/api/help/get-project-type-id
http://localhost/projectinsight.webapp/api/help , http://localhost/projectinsight.webapp/api/help/post-project-type
http://localhost/projectinsight.webapp/api/help , http://localhost/projectinsight.webapp/api/help/delete-project-type-id
http://localhost/projectinsight.webapp/api/help , http://localhost/projectinsight.webapp/api/help/get-project-type-list
http://localhost/projectinsight.webapp/api/help , http://localhost/projectinsight.webapp/api/help/get-api-projecttype
http://localhost/projectinsight.webapp/api/help , http://localhost/projectinsight.webapp/api/help/model/proposal
http://localhost/projectinsight.webapp/api/help , http://localhost/projectinsight.webapp/api/help/post-proposal-unlock
http://localhost/projectinsight.webapp/api/help , http://localhost/projectinsight.webapp/api/help/post-proposal-lock
http://localhost/projectinsight.webapp/api/help , http://localhost/projectinsight.webapp/api/help/get-proposal-expense-default-rates
http://localhost/projectinsight.webapp/api/help , http://localhost/projectinsight.webapp/api/help/get-proposal-work-hour-default-rates
http://localhost/projectinsight.webapp/api/help , http://localhost/projectinsight.webapp/api/help/get-proposal-id
http://localhost/projectinsight.webapp/api/help , http://localhost/projectinsight.webapp/api/help/post-proposal
http://localhost/projectinsight.webapp/api/help , http://localhost/projectinsight.webapp/api/help/delete-proposal-id
http://localhost/projectinsight.webapp/api/help , http://localhost/projectinsight.webapp/api/help/get-proposal-list
http://localhost/projectinsight.webapp/api/help , http://localhost/projectinsight.webapp/api/help/get-api-proposal
http://localhost/projectinsight.webapp/api/help , http://localhost/projectinsight.webapp/api/help/model/proposaldeliverableexp
http://localhost/projectinsight.webapp/api/help , http://localhost/projectinsight.webapp/api/help/get-proposal-deliverable-exp-id
http://localhost/projectinsight.webapp/api/help , http://localhost/projectinsight.webapp/api/help/post-proposal-deliverable-exp
http://localhost/projectinsight.webapp/api/help , http://localhost/projectinsight.webapp/api/help/delete-proposal-deliverable-exp-id
http://localhost/projectinsight.webapp/api/help , http://localhost/projectinsight.webapp/api/help/get-proposal-deliverable-exp-list
http://localhost/projectinsight.webapp/api/help , http://localhost/projectinsight.webapp/api/help/get-api-proposaldeliverableexp
http://localhost/projectinsight.webapp/api/help , http://localhost/projectinsight.webapp/api/help/model/proposaldeliverabletaskworkexpense
http://localhost/projectinsight.webapp/api/help , http://localhost/projectinsight.webapp/api/help/get-proposal-deliverable-task-work-expense-id
http://localhost/projectinsight.webapp/api/help , http://localhost/projectinsight.webapp/api/help/post-proposal-deliverable-task-work-expense
http://localhost/projectinsight.webapp/api/help , http://localhost/projectinsight.webapp/api/help/delete-proposal-deliverable-task-work-expense-id
http://localhost/projectinsight.webapp/api/help , http://localhost/projectinsight.webapp/api/help/get-proposal-deliverable-task-work-expense-list
http://localhost/projectinsight.webapp/api/help , http://localhost/projectinsight.webapp/api/help/get-api-proposaldeliverabletaskworkexpense
http://localhost/projectinsight.webapp/api/help , http://localhost/projectinsight.webapp/api/help/model/proposaldeliverabletime
http://localhost/projectinsight.webapp/api/help , http://localhost/projectinsight.webapp/api/help/get-proposal-deliverable-time-id
http://localhost/projectinsight.webapp/api/help , http://localhost/projectinsight.webapp/api/help/post-proposal-deliverable-time
http://localhost/projectinsight.webapp/api/help , http://localhost/projectinsight.webapp/api/help/delete-proposal-deliverable-time-id
http://localhost/projectinsight.webapp/api/help , http://localhost/projectinsight.webapp/api/help/get-proposal-deliverable-time-list
http://localhost/projectinsight.webapp/api/help , http://localhost/projectinsight.webapp/api/help/get-api-proposaldeliverabletime
http://localhost/projectinsight.webapp/api/help , http://localhost/projectinsight.webapp/api/help/model/resourcetype
http://localhost/projectinsight.webapp/api/help , http://localhost/projectinsight.webapp/api/help/get-resource-type-list-active
http://localhost/projectinsight.webapp/api/help , http://localhost/projectinsight.webapp/api/help/get-resource-type-list-all
http://localhost/projectinsight.webapp/api/help , http://localhost/projectinsight.webapp/api/help/get-resource-type-id
http://localhost/projectinsight.webapp/api/help , http://localhost/projectinsight.webapp/api/help/post-resource-type
http://localhost/projectinsight.webapp/api/help , http://localhost/projectinsight.webapp/api/help/delete-resource-type-id
http://localhost/projectinsight.webapp/api/help , http://localhost/projectinsight.webapp/api/help/get-resource-type-list
http://localhost/projectinsight.webapp/api/help , http://localhost/projectinsight.webapp/api/help/get-api-resourcetype
http://localhost/projectinsight.webapp/api/help , http://localhost/projectinsight.webapp/api/help/model/shortcut
http://localhost/projectinsight.webapp/api/help , http://localhost/projectinsight.webapp/api/help/post-shortcut-create-from-onedrive-itemcontainer_id
http://localhost/projectinsight.webapp/api/help , http://localhost/projectinsight.webapp/api/help/model/onedriveresponse
http://localhost/projectinsight.webapp/api/help , http://localhost/projectinsight.webapp/api/help/post-shortcut-create-from-googledrive-itemcontainer_id
http://localhost/projectinsight.webapp/api/help , http://localhost/projectinsight.webapp/api/help/model/googledriveresponse
http://localhost/projectinsight.webapp/api/help , http://localhost/projectinsight.webapp/api/help/get-shortcut-id
http://localhost/projectinsight.webapp/api/help , http://localhost/projectinsight.webapp/api/help/post-shortcut
http://localhost/projectinsight.webapp/api/help , http://localhost/projectinsight.webapp/api/help/delete-shortcut-id
http://localhost/projectinsight.webapp/api/help , http://localhost/projectinsight.webapp/api/help/get-shortcut-list
http://localhost/projectinsight.webapp/api/help , http://localhost/projectinsight.webapp/api/help/get-api-shortcut
http://localhost/projectinsight.webapp/api/help , http://localhost/projectinsight.webapp/api/help/model/sprint
http://localhost/projectinsight.webapp/api/help , http://localhost/projectinsight.webapp/api/help/get-sprint-project-id
http://localhost/projectinsight.webapp/api/help , http://localhost/projectinsight.webapp/api/help/post-sprint-add-task
http://localhost/projectinsight.webapp/api/help , http://localhost/projectinsight.webapp/api/help/model/task
http://localhost/projectinsight.webapp/api/help , http://localhost/projectinsight.webapp/api/help/post-sprint-remove-work-item
http://localhost/projectinsight.webapp/api/help , http://localhost/projectinsight.webapp/api/help/model/todo
http://localhost/projectinsight.webapp/api/help , http://localhost/projectinsight.webapp/api/help/post-sprint-add-issue
http://localhost/projectinsight.webapp/api/help , http://localhost/projectinsight.webapp/api/help/post-sprint-add-todo
http://localhost/projectinsight.webapp/api/help , http://localhost/projectinsight.webapp/api/help/get-sprint-id
http://localhost/projectinsight.webapp/api/help , http://localhost/projectinsight.webapp/api/help/post-sprint
http://localhost/projectinsight.webapp/api/help , http://localhost/projectinsight.webapp/api/help/delete-sprint-id
http://localhost/projectinsight.webapp/api/help , http://localhost/projectinsight.webapp/api/help/get-sprint-list
http://localhost/projectinsight.webapp/api/help , http://localhost/projectinsight.webapp/api/help/get-api-sprint
http://localhost/projectinsight.webapp/api/help , http://localhost/projectinsight.webapp/api/help/model/sprintworkitem
http://localhost/projectinsight.webapp/api/help , http://localhost/projectinsight.webapp/api/help/post-sprint-work-item-sprint-id
http://localhost/projectinsight.webapp/api/help , http://localhost/projectinsight.webapp/api/help/post-sprint-work-item-project-backlog-id
http://localhost/projectinsight.webapp/api/help , http://localhost/projectinsight.webapp/api/help/get-sprint-work-item-id
http://localhost/projectinsight.webapp/api/help , http://localhost/projectinsight.webapp/api/help/post-sprint-work-item
http://localhost/projectinsight.webapp/api/help , http://localhost/projectinsight.webapp/api/help/delete-sprint-work-item-id
http://localhost/projectinsight.webapp/api/help , http://localhost/projectinsight.webapp/api/help/get-sprint-work-item-list
http://localhost/projectinsight.webapp/api/help , http://localhost/projectinsight.webapp/api/help/get-api-sprintworkitem
http://localhost/projectinsight.webapp/api/help , http://localhost/projectinsight.webapp/api/help/get-task-project-id
http://localhost/projectinsight.webapp/api/help , http://localhost/projectinsight.webapp/api/help/get-task-copied-from-commmon-template-task-and-assigned-to-id
http://localhost/projectinsight.webapp/api/help , http://localhost/projectinsight.webapp/api/help/post-task-update-work-percent-complete
http://localhost/projectinsight.webapp/api/help , http://localhost/projectinsight.webapp/api/help/post-task-update-work-percent-complete-by-assignment
http://localhost/projectinsight.webapp/api/help , http://localhost/projectinsight.webapp/api/help/post-task-update-work-percent-complete-type
http://localhost/projectinsight.webapp/api/help , http://localhost/projectinsight.webapp/api/help/post-task-update-work-percent-complete-type-by-assignment
http://localhost/projectinsight.webapp/api/help , http://localhost/projectinsight.webapp/api/help/post-task-add-user-assignment
http://localhost/projectinsight.webapp/api/help , http://localhost/projectinsight.webapp/api/help/post-task-remove-user-assignment
http://localhost/projectinsight.webapp/api/help , http://localhost/projectinsight.webapp/api/help/get-task-search
http://localhost/projectinsight.webapp/api/help , http://localhost/projectinsight.webapp/api/help/get-task-id
http://localhost/projectinsight.webapp/api/help , http://localhost/projectinsight.webapp/api/help/post-task
http://localhost/projectinsight.webapp/api/help , http://localhost/projectinsight.webapp/api/help/delete-task-id
http://localhost/projectinsight.webapp/api/help , http://localhost/projectinsight.webapp/api/help/get-task-list
http://localhost/projectinsight.webapp/api/help , http://localhost/projectinsight.webapp/api/help/get-api-task
http://localhost/projectinsight.webapp/api/help , http://localhost/projectinsight.webapp/api/help/model/taskpredecessor
http://localhost/projectinsight.webapp/api/help , http://localhost/projectinsight.webapp/api/help/get-task-predecessor-id
http://localhost/projectinsight.webapp/api/help , http://localhost/projectinsight.webapp/api/help/post-task-predecessor
http://localhost/projectinsight.webapp/api/help , http://localhost/projectinsight.webapp/api/help/delete-task-predecessor-id
http://localhost/projectinsight.webapp/api/help , http://localhost/projectinsight.webapp/api/help/get-task-predecessor-list
http://localhost/projectinsight.webapp/api/help , http://localhost/projectinsight.webapp/api/help/get-api-taskpredecessor
http://localhost/projectinsight.webapp/api/help , http://localhost/projectinsight.webapp/api/help/model/taskresource
http://localhost/projectinsight.webapp/api/help , http://localhost/projectinsight.webapp/api/help/get-task-resource-list-by-task-id
http://localhost/projectinsight.webapp/api/help , http://localhost/projectinsight.webapp/api/help/get-task-resource-id
http://localhost/projectinsight.webapp/api/help , http://localhost/projectinsight.webapp/api/help/post-task-resource
http://localhost/projectinsight.webapp/api/help , http://localhost/projectinsight.webapp/api/help/delete-task-resource-id
http://localhost/projectinsight.webapp/api/help , http://localhost/projectinsight.webapp/api/help/get-task-resource-list
http://localhost/projectinsight.webapp/api/help , http://localhost/projectinsight.webapp/api/help/get-api-taskresource
http://localhost/projectinsight.webapp/api/help , http://localhost/projectinsight.webapp/api/help/model/tasktype
http://localhost/projectinsight.webapp/api/help , http://localhost/projectinsight.webapp/api/help/get-task-type-id
http://localhost/projectinsight.webapp/api/help , http://localhost/projectinsight.webapp/api/help/post-task-type
http://localhost/projectinsight.webapp/api/help , http://localhost/projectinsight.webapp/api/help/delete-task-type-id
http://localhost/projectinsight.webapp/api/help , http://localhost/projectinsight.webapp/api/help/get-task-type-list
http://localhost/projectinsight.webapp/api/help , http://localhost/projectinsight.webapp/api/help/get-api-tasktype
http://localhost/projectinsight.webapp/api/help , http://localhost/projectinsight.webapp/api/help/model/taskworkexpense
http://localhost/projectinsight.webapp/api/help , http://localhost/projectinsight.webapp/api/help/get-task-work-expense-default-rates
http://localhost/projectinsight.webapp/api/help , http://localhost/projectinsight.webapp/api/help/get-task-work-expense-id
http://localhost/projectinsight.webapp/api/help , http://localhost/projectinsight.webapp/api/help/post-task-work-expense
http://localhost/projectinsight.webapp/api/help , http://localhost/projectinsight.webapp/api/help/delete-task-work-expense-id
http://localhost/projectinsight.webapp/api/help , http://localhost/projectinsight.webapp/api/help/get-task-work-expense-list
http://localhost/projectinsight.webapp/api/help , http://localhost/projectinsight.webapp/api/help/get-api-taskworkexpense
http://localhost/projectinsight.webapp/api/help , http://localhost/projectinsight.webapp/api/help/model/timeentry
http://localhost/projectinsight.webapp/api/help , http://localhost/projectinsight.webapp/api/help/get-time-entry-project-id
http://localhost/projectinsight.webapp/api/help , http://localhost/projectinsight.webapp/api/help/get-time-entry-user-recent
http://localhost/projectinsight.webapp/api/help , http://localhost/projectinsight.webapp/api/help/get-time-entry-search
http://localhost/projectinsight.webapp/api/help , http://localhost/projectinsight.webapp/api/help/get-time-entry-id
http://localhost/projectinsight.webapp/api/help , http://localhost/projectinsight.webapp/api/help/post-time-entry
http://localhost/projectinsight.webapp/api/help , http://localhost/projectinsight.webapp/api/help/get-time-entry-list
http://localhost/projectinsight.webapp/api/help , http://localhost/projectinsight.webapp/api/help/get-api-timeentry
http://localhost/projectinsight.webapp/api/help , http://localhost/projectinsight.webapp/api/help/model/timer
http://localhost/projectinsight.webapp/api/help , http://localhost/projectinsight.webapp/api/help/post-timer-create-timer-for-item
http://localhost/projectinsight.webapp/api/help , http://localhost/projectinsight.webapp/api/help/post-timer-create-timer-for-company
http://localhost/projectinsight.webapp/api/help , http://localhost/projectinsight.webapp/api/help/get-timer-list-by-current-user
http://localhost/projectinsight.webapp/api/help , http://localhost/projectinsight.webapp/api/help/post-timer-start-timer
http://localhost/projectinsight.webapp/api/help , http://localhost/projectinsight.webapp/api/help/post-timer-toggle-timer
http://localhost/projectinsight.webapp/api/help , http://localhost/projectinsight.webapp/api/help/post-timer-stop-timer
http://localhost/projectinsight.webapp/api/help , http://localhost/projectinsight.webapp/api/help/post-timer-clear-timer
http://localhost/projectinsight.webapp/api/help , http://localhost/projectinsight.webapp/api/help/post-timer-set-timer
http://localhost/projectinsight.webapp/api/help , http://localhost/projectinsight.webapp/api/help/get-timer-id
http://localhost/projectinsight.webapp/api/help , http://localhost/projectinsight.webapp/api/help/post-timer
http://localhost/projectinsight.webapp/api/help , http://localhost/projectinsight.webapp/api/help/delete-timer-id
http://localhost/projectinsight.webapp/api/help , http://localhost/projectinsight.webapp/api/help/get-timer-list
http://localhost/projectinsight.webapp/api/help , http://localhost/projectinsight.webapp/api/help/get-api-timer
http://localhost/projectinsight.webapp/api/help , http://localhost/projectinsight.webapp/api/help/model/timesheet
http://localhost/projectinsight.webapp/api/help , http://localhost/projectinsight.webapp/api/help/post-time-sheet-id-mark-downloaded
http://localhost/projectinsight.webapp/api/help , http://localhost/projectinsight.webapp/api/help/get-time-sheet-time-sheet-name-default
http://localhost/projectinsight.webapp/api/help , http://localhost/projectinsight.webapp/api/help/get-time-sheet-search
http://localhost/projectinsight.webapp/api/help , http://localhost/projectinsight.webapp/api/help/get-time-sheet-id
http://localhost/projectinsight.webapp/api/help , http://localhost/projectinsight.webapp/api/help/get-time-sheet-list
http://localhost/projectinsight.webapp/api/help , http://localhost/projectinsight.webapp/api/help/get-api-timesheet
http://localhost/projectinsight.webapp/api/help , http://localhost/projectinsight.webapp/api/help/get-to-do-search
http://localhost/projectinsight.webapp/api/help , http://localhost/projectinsight.webapp/api/help/get-to-do-id
http://localhost/projectinsight.webapp/api/help , http://localhost/projectinsight.webapp/api/help/post-to-do
http://localhost/projectinsight.webapp/api/help , http://localhost/projectinsight.webapp/api/help/delete-to-do-id
http://localhost/projectinsight.webapp/api/help , http://localhost/projectinsight.webapp/api/help/get-to-do-list
http://localhost/projectinsight.webapp/api/help , http://localhost/projectinsight.webapp/api/help/get-api-todo
http://localhost/projectinsight.webapp/api/help , http://localhost/projectinsight.webapp/api/help/model/user
http://localhost/projectinsight.webapp/api/help , http://localhost/projectinsight.webapp/api/help/get-user-list-communicate
http://localhost/projectinsight.webapp/api/help , http://localhost/projectinsight.webapp/api/help/get-user-list-active
http://localhost/projectinsight.webapp/api/help , http://localhost/projectinsight.webapp/api/help/get-user-list-all
http://localhost/projectinsight.webapp/api/help , http://localhost/projectinsight.webapp/api/help/post-user-update-assignment-cache-key
http://localhost/projectinsight.webapp/api/help , http://localhost/projectinsight.webapp/api/help/get-user-update-assignment-cache-key
http://localhost/projectinsight.webapp/api/help , http://localhost/projectinsight.webapp/api/help/get-user-user-dashboard-stats
http://localhost/projectinsight.webapp/api/help , http://localhost/projectinsight.webapp/api/help/model/userdashboardstats
http://localhost/projectinsight.webapp/api/help , http://localhost/projectinsight.webapp/api/help/get-user-user-dashboard-stats-id
http://localhost/projectinsight.webapp/api/help , http://localhost/projectinsight.webapp/api/help/post-user-invite
http://localhost/projectinsight.webapp/api/help , http://localhost/projectinsight.webapp/api/help/get-user-list-by-project-for-task-assignment-id
http://localhost/projectinsight.webapp/api/help , http://localhost/projectinsight.webapp/api/help/get-user-my-work
http://localhost/projectinsight.webapp/api/help , http://localhost/projectinsight.webapp/api/help/model/mywork
http://localhost/projectinsight.webapp/api/help , http://localhost/projectinsight.webapp/api/help/get-user-my-work-id
http://localhost/projectinsight.webapp/api/help , http://localhost/projectinsight.webapp/api/help/get-user-me
http://localhost/projectinsight.webapp/api/help , http://localhost/projectinsight.webapp/api/help/get-user-id
http://localhost/projectinsight.webapp/api/help , http://localhost/projectinsight.webapp/api/help/post-user
http://localhost/projectinsight.webapp/api/help , http://localhost/projectinsight.webapp/api/help/delete-user-id
http://localhost/projectinsight.webapp/api/help , http://localhost/projectinsight.webapp/api/help/get-user-list
http://localhost/projectinsight.webapp/api/help , http://localhost/projectinsight.webapp/api/help/get-api-user
http://localhost/projectinsight.webapp/api/help , http://localhost/projectinsight.webapp/api/help/model/usertype
http://localhost/projectinsight.webapp/api/help , http://localhost/projectinsight.webapp/api/help/get-user-type-list-active
http://localhost/projectinsight.webapp/api/help , http://localhost/projectinsight.webapp/api/help/get-user-type-list-all
http://localhost/projectinsight.webapp/api/help , http://localhost/projectinsight.webapp/api/help/get-user-type-id
http://localhost/projectinsight.webapp/api/help , http://localhost/projectinsight.webapp/api/help/post-user-type
http://localhost/projectinsight.webapp/api/help , http://localhost/projectinsight.webapp/api/help/delete-user-type-id
http://localhost/projectinsight.webapp/api/help , http://localhost/projectinsight.webapp/api/help/get-user-type-list
http://localhost/projectinsight.webapp/api/help , http://localhost/projectinsight.webapp/api/help/get-api-usertype
http://localhost/projectinsight.webapp/api/help , http://localhost/projectinsight.webapp/api/help/model/workpercentcompletetype
http://localhost/projectinsight.webapp/api/help , http://localhost/projectinsight.webapp/api/help/get-work-percent-complete-type-list-active
http://localhost/projectinsight.webapp/api/help , http://localhost/projectinsight.webapp/api/help/get-work-percent-complete-type-list-kanban
http://localhost/projectinsight.webapp/api/help , http://localhost/projectinsight.webapp/api/help/get-work-percent-complete-type-list-all
http://localhost/projectinsight.webapp/api/help , http://localhost/projectinsight.webapp/api/help/get-work-percent-complete-type-id
http://localhost/projectinsight.webapp/api/help , http://localhost/projectinsight.webapp/api/help/post-work-percent-complete-type
http://localhost/projectinsight.webapp/api/help , http://localhost/projectinsight.webapp/api/help/delete-work-percent-complete-type-id
http://localhost/projectinsight.webapp/api/help , http://localhost/projectinsight.webapp/api/help/get-work-percent-complete-type-list
http://localhost/projectinsight.webapp/api/help , http://localhost/projectinsight.webapp/api/help/get-api-workpercentcompletetype
http://localhost/projectinsight.webapp/api/help , http://localhost/api-docs/help/api-models
http://localhost/projectinsight.webapp/api/help/delete-approval-request-approval-id , http://localhost/projectinsight.webapp/api/help/model/apideleteresponse
http://localhost/projectinsight.webapp/api/help/delete-approval-request-approval-id , http://localhost/projectinsight.webapp/api/help/model/apierror
http://localhost/projectinsight.webapp/api/help/get-company-contract-task-type-id , http://localhost/projectinsight.webapp/api/help/model/modelpropertylist
http://localhost/projectinsight.webapp/api/help/get-custom-field-list , http://localhost/projectinsight.webapp/api/help/model/listitemvalue
http://localhost/projectinsight.webapp/api/help/post-work-percent-complete-type , http://localhost/projectinsight.webapp/api/help/model/apisaveresponse
http://localhost/projectinsight.webapp/api/help/model/mywork , http://localhost/projectinsight.webapp/api/help/model/apimodelbase
http://localhost/projectinsight.webapp/api/help/get-to-do-search , http://localhost/projectinsight.webapp/api/help/model/daterangefiltertype
http://localhost/projectinsight.webapp/api/help/get-task-work-expense-default-rates , http://localhost/projectinsight.webapp/api/help/model/rates
http://localhost/projectinsight.webapp/api/help/get-time-entry-search , http://localhost/projectinsight.webapp/api/help/model/customfieldreportinputvalue
http://localhost/projectinsight.webapp/api/help/post-task , http://localhost/projectinsight.webapp/api/help/model/userobjcapability
http://localhost/projectinsight.webapp/api/help/post-sprint-work-item-sprint-id , http://localhost/projectinsight.webapp/api/help/model/kanbansprintworkitemstatus
http://localhost/projectinsight.webapp/api/help/post-sprint-work-item-project-backlog-id , http://localhost/projectinsight.webapp/api/help/model/kanbanbacklogoptions
http://localhost/projectinsight.webapp/api/help/model/googledriveresponse , http://localhost/projectinsight.webapp/api/help/model/googledrivefile
http://localhost/projectinsight.webapp/api/help/model/onedriveresponse , http://localhost/projectinsight.webapp/api/help/model/onedrivefile
http://localhost/projectinsight.webapp/api/help/model/onedrivefile , http://localhost/projectinsight.webapp/api/help/model/onedriveusercreatedmodifiedby
http://localhost/projectinsight.webapp/api/help/model/onedrivefile , http://localhost/projectinsight.webapp/api/help/model/onedrivefileinfo
http://localhost/projectinsight.webapp/api/help/model/onedrivefile , http://localhost/projectinsight.webapp/api/help/model/onedrivefilesysteminfo
http://localhost/projectinsight.webapp/api/help/model/onedrivefile , http://localhost/projectinsight.webapp/api/help/model/onedriveparentreference
http://localhost/projectinsight.webapp/api/help/model/onedrivefile , http://localhost/projectinsight.webapp/api/help/model/onedrivepermission
http://localhost/projectinsight.webapp/api/help/model/onedrivefile , http://localhost/projectinsight.webapp/api/help/model/onedrivesharepointfile
http://localhost/projectinsight.webapp/api/help/model/onedrivepermission , http://localhost/projectinsight.webapp/api/help/model/onedrivelink
http://localhost/projectinsight.webapp/api/help/model/onedrivefileinfo , http://localhost/projectinsight.webapp/api/help/model/onedrivehashes
http://localhost/projectinsight.webapp/api/help/model/onedriveusercreatedmodifiedby , http://localhost/projectinsight.webapp/api/help/model/onedriveuser
http://localhost/projectinsight.webapp/api/help/get-project-search , http://localhost/projectinsight.webapp/api/help/model/sortdirection
http://localhost/projectinsight.webapp/api/help/model/objectevent , http://localhost/projectinsight.webapp/api/help/model/type
http://localhost/projectinsight.webapp/api/help/model/type , http://localhost/projectinsight.webapp/api/help/model/assembly
http://localhost/projectinsight.webapp/api/help/model/type , http://localhost/projectinsight.webapp/api/help/model/typeattributes
http://localhost/projectinsight.webapp/api/help/model/type , http://localhost/projectinsight.webapp/api/help/model/customattributedata
http://localhost/projectinsight.webapp/api/help/model/type , http://localhost/projectinsight.webapp/api/help/model/methodbase
http://localhost/projectinsight.webapp/api/help/model/type , http://localhost/projectinsight.webapp/api/help/model/genericparameterattributes
http://localhost/projectinsight.webapp/api/help/model/type , http://localhost/projectinsight.webapp/api/help/model/membertypes
http://localhost/projectinsight.webapp/api/help/model/type , http://localhost/projectinsight.webapp/api/help/model/module
http://localhost/projectinsight.webapp/api/help/model/type , http://localhost/projectinsight.webapp/api/help/model/structlayoutattribute
http://localhost/projectinsight.webapp/api/help/model/type , http://localhost/projectinsight.webapp/api/help/model/runtimetypehandle
http://localhost/projectinsight.webapp/api/help/model/type , http://localhost/projectinsight.webapp/api/help/model/constructorinfo
http://localhost/projectinsight.webapp/api/help/get-item-utility-related-items-id , http://localhost/projectinsight.webapp/api/help/model/modelproperties
http://localhost/projectinsight.webapp/api/help/post-file-item , http://localhost/projectinsight.webapp/api/help/model/fileupload
http://localhost/projectinsight.webapp/api/help/model/fileupload , http://localhost/projectinsight.webapp/api/help/model/stream
http://localhost/projectinsight.webapp/api/help/get-file-item-version-download-file-fileid-version , http://localhost/projectinsight.webapp/api/help/model/httpcontent
http://localhost/projectinsight.webapp/api/help/get-file-item-version-download-file-fileid-version , http://localhost/projectinsight.webapp/api/help/model/httprequestmessage
http://localhost/projectinsight.webapp/api/help/get-file-item-version-download-file-fileid-version , http://localhost/projectinsight.webapp/api/help/model/httpstatuscode
http://localhost/projectinsight.webapp/api/help/get-file-item-version-download-file-fileid-version , http://localhost/projectinsight.webapp/api/help/model/version
http://localhost/projectinsight.webapp/api/help/model/httprequestmessage , http://localhost/projectinsight.webapp/api/help/model/httpmethod
http://localhost/projectinsight.webapp/api/help/post-comment-file-upload , http://localhost/projectinsight.webapp/api/help/model/httppostedfilebase
http://localhost/projectinsight.webapp/api/help/post-authentication-login-custom-app , http://localhost/projectinsight.webapp/api/help/model/loginrequestforcustomapp
http://localhost/projectinsight.webapp/api/help/post-authentication-login-custom-app , http://localhost/projectinsight.webapp/api/help/model/loginrequestresponse
